id,小区名称,所在区域,所在位置,交通情况,总价,单价,挂牌时间,交易权属,上次交易,房屋用途,房屋年限,产权所属,抵押信息,房本备件,房源编码,房屋户型,所在楼层,建筑面积,户型结构,套内面积,建筑类型,房屋朝向,建筑结构,装修情况,梯户比例,配备电梯,楼层高度
1,亲亲家园四期,拱墅区,三墩,近地铁2号线墩祥街站,330,31956元/平米,2025-02-17,商品房,2020-09-07,普通住宅,满两年,共有,"
                                有抵押 200万元 杭州 业主自还
                              ",已上传房本照片,170515800023,"
3室1厅1厨2卫
                                                  ","
高楼层 (共11层)
                                                  ","
103.27㎡
                                                  ","
跃层
                                                  ","
暂无数据
                                                  ","
板楼
                                                  ","
南
                                                  ","
钢混结构
                                                  ","
精装
                                                  ","
一梯三户
                                                  ","
有
                                                  ","
暂无数据
                                                        
"
2,星瓒颂锦府,拱墅区,和睦,近10号线 花园岗站,620,57637元/平米,2025-03-20,商品房,2025-03-20,普通住宅,未满两年,非共有,"
                                有抵押 255万元
                              ",已上传房本照片,250320GM402470,"
3室2厅1厨2卫
                                                  ","
低楼层 (共24层)
                                                  ","
107.57㎡
                                                  ","
平层
                                                  ","
暂无数据
                                                  ","
板楼
                                                  ","
南
                                                  ","
钢混结构
                                                  ","
精装
                                                  ","
两梯四户
                                                  ","
有
                                                  ","
暂无数据
                                                        
"
3,欣盛东方福邸,拱墅区,申花,,520,57991元/平米,2025-04-01,商品房,2017-08-01,普通住宅,满五年,共有,"
                                有抵押 200万元 汇丰银行 业主自还
                              ",已上传房本照片,170601148199,"
3室2厅1厨2卫
                                                  ","
中楼层 (共26层)
                                                  ","
89.67㎡
                                                  ","
跃层
                                                  ","
暂无数据
                                                  ","
塔楼
                                                  ","
南
                                                  ","
钢混结构
                                                  ","
精装
                                                  ","
四梯十六户
                                                  ","
有
                                                  ","
暂无数据
                                                        
"
4,杭曜置地中心一区,拱墅区,和睦,近地铁5号线和睦站,728,58919元/平米,2025-03-28,商品房,2025-03-28,普通住宅,未满两年,共有,"
                                无抵押
                              ",已上传房本照片,250328UF633814,"
3室2厅1厨2卫
                                                  ","
低楼层 (共24层)
                                                  ","
123.56㎡
                                                  ","
平层
                                                  ","
暂无数据
                                                  ","
板楼
                                                  ","
南
                                                  ","
钢混结构
                                                  ","
其他
                                                  ","
两梯三户
                                                  ","
有
                                                  ","
暂无数据
                                                        
"
5,现代名苑,拱墅区,和平,近地铁5号线打铁关站,450,36693元/平米,2025-01-14,商品房,2007-05-24,普通住宅,满五年,共有,"
                                无抵押
                              ",已上传房本照片,250114WW529126,"
3室2厅1厨1卫
                                                  ","
中楼层 (共10层)
                                                  ","
122.64㎡
                                                  ","
平层
                                                  ","
暂无数据
                                                  ","
板楼
                                                  ","
南
                                                  ","
砖混结构
                                                  ","
精装
                                                  ","
一梯三户
                                                  ","
有
                                                  ","
暂无数据
                                                        
"
6,大浒东苑,拱墅区,大关,近3号线(星桥-吴山前村) 大关站,188,32409元/平米,2024-07-18,商品房,2018-04-20,普通住宅,满五年,非共有,"
                                有抵押 50万元
                              ",已上传房本照片,180306059244,"
2室1厅1厨1卫
                                                  ","
高楼层 (共15层)
                                                  ","
58.01㎡
                                                  ","
平层
                                                  ","
暂无数据
                                                  ","
板楼
                                                  ","
南 北
                                                  ","
钢混结构
                                                  ","
精装
                                                  ","
一梯三户
                                                  ","
有
                                                  ","
暂无数据
                                                        
"
7,杭曜置地中心一区,拱墅区,和睦,近地铁5号线和睦站,630,51178元/平米,2025-03-24,商品房,2025-03-24,普通住宅,未满两年,共有,"
                                无抵押
                              ",已上传房本照片,250324RO997189,"
3室2厅1厨2卫
                                                  ","
低楼层 (共24层)
                                                  ","
123.1㎡
                                                  ","
平层
                                                  ","
110㎡
                                                  ","
板楼
                                                  ","
南
                                                  ","
钢混结构
                                                  ","
精装
                                                  ","
两梯三户
                                                  ","
有
                                                  ","
暂无数据
                                                        
"
8,云河大厦,拱墅区,信义坊,,102,34298元/平米,2025-04-08,商品房,2023-03-14,普通住宅,满两年,共有,"
                                无抵押
                              ",已上传房本照片,220404LO082989,"
1室1厅0厨1卫
                                                  ","
中楼层 (共18层)
                                                  ","
29.74㎡
                                                  ","
平层
                                                  ","
暂无数据
                                                  ","
板楼
                                                  ","
北
                                                  ","
钢混结构
                                                  ","
其他
                                                  ","
两梯十八户
                                                  ","
有
                                                  ","
暂无数据
                                                        
"
9,中城汇MIDTOWN,拱墅区,万达广场,近10号线渡驾桥站,446,43121元/平米,2024-05-29,商品房,2021-05-18,普通住宅,满两年,共有,"
                                无抵押
                              ",已上传房本照片,240324JH780920,"
3室2厅1厨2卫
                                                  ","
中楼层 (共26层)
                                                  ","
103.43㎡
                                                  ","
平层
                                                  ","
暂无数据
                                                  ","
塔楼
                                                  ","
南
                                                  ","
框架结构
                                                  ","
精装
                                                  ","
两梯四户
                                                  ","
有
                                                  ","
暂无数据
                                                        
"
10,直戒坛寺巷,拱墅区,武林,近1号线(萧山国际机场-湘湖)凤起路站,208,44983元/平米,2024-02-18,已购公房,2009-07-29,普通住宅,满五年,共有,"
                                无抵押
                              ",已上传房本照片,240219XR254092,"
2室1厅1厨1卫
                                                  ","
高楼层 (共7层)
                                                  ","
46.24㎡
                                                  ","
平层
                                                  ","
39.88㎡
                                                  ","
板楼
                                                  ","
南 北
                                                  ","
砖混结构
                                                  ","
简装
                                                  ","
暂无数据
                                                  ","
无
                                                  ","
暂无数据
                                                        
"
11,亲亲家园四期,拱墅区,三墩,近地铁2号线墩祥街站,265,24263元/平米,2024-09-23,商品房,2009-09-09,普通住宅,满五年,共有,"
                                有抵押 20万元 杭州 业主自还
                              ",已上传房本照片,240923HF577882,"
3室2厅1厨2卫
                                                  ","
中楼层 (共8层)
                                                  ","
109.22㎡
                                                  ","
平层
                                                  ","
89.37㎡
                                                  ","
板楼
                                                  ","
南
                                                  ","
钢混结构
                                                  ","
精装
                                                  ","
一梯三户
                                                  ","
有
                                                  ","
暂无数据
                                                        
"
12,绿城慧园,拱墅区,申花,近地铁5号线萍水街站,433,48614元/平米,2024-05-24,商品房,2016-12-06,普通住宅,满五年,共有,"
                                有抵押
                              ",已上传房本照片,240519AB935864,"
3室2厅1厨1卫
                                                  ","
中楼层 (共17层)
                                                  ","
89.07㎡
                                                  ","
平层
                                                  ","
暂无数据
                                                  ","
板楼
                                                  ","
南
                                                  ","
钢混结构
                                                  ","
精装
                                                  ","
两梯两户
                                                  ","
有
                                                  ","
暂无数据
                                                        
"
13,现代名苑,拱墅区,和平,近地铁5号线打铁关站,518,37285元/平米,2025-03-15,商品房,2012-04-18,普通住宅,满五年,非共有,"
                                无抵押
                              ",已上传房本照片,250316LK547769,"
3室2厅1厨2卫
                                                  ","
高楼层 (共25层)
                                                  ","
138.93㎡
                                                  ","
平层
                                                  ","
107.94㎡
                                                  ","
板楼
                                                  ","
南
                                                  ","
钢混结构
                                                  ","
其他
                                                  ","
两梯三户
                                                  ","
有
                                                  ","
暂无数据
                                                        
"
14,湖墅嘉园,拱墅区,信义坊,,450,36834元/平米,2024-01-03,商品房,2009-12-16,普通住宅,满五年,非共有,"
                                有抵押 161万元 中国邮政储蓄银行 业主自还
                              ",已上传房本照片,240103IV032913,"
3室2厅1厨2卫
                                                  ","
高楼层 (共15层)
                                                  ","
122.17㎡
                                                  ","
平层
                                                  ","
97.75㎡
                                                  ","
平房
                                                  ","
南
                                                  ","
钢混结构
                                                  ","
简装
                                                  ","
一梯两户
                                                  ","
有
                                                  ","
暂无数据
                                                        
"
15,三塘沁园,拱墅区,三塘,,157,27951元/平米,2025-03-19,商品房,2025-03-19,普通住宅,未满两年,共有,"
                                无抵押
                              ",已上传房本照片,250319BH121211,"
2室1厅1厨1卫
                                                  ","
中楼层 (共6层)
                                                  ","
56.17㎡
                                                  ","
平层
                                                  ","
暂无数据
                                                  ","
板楼
                                                  ","
南
                                                  ","
钢混结构
                                                  ","
简装
                                                  ","
暂无数据
                                                  ","
无
                                                  ","
暂无数据
                                                        
"
16,中江花园,拱墅区,建国北路,近地铁5号线 宝善桥站,316,30024元/平米,2024-11-17,商品房,2015-08-06,普通住宅,满五年,共有,"
                                无抵押
                              ",已上传房本照片,211025IA380611,"
2室2厅1厨1卫
                                                  ","
中楼层 (共18层)
                                                  ","
105.25㎡
                                                  ","
平层
                                                  ","
84.7㎡
                                                  ","
塔楼
                                                  ","
东
                                                  ","
钢混结构
                                                  ","
其他
                                                  ","
两梯五户
                                                  ","
有
                                                  ","
暂无数据
                                                        
"
17,环西新村,拱墅区,武林,近地铁2号线武林门站,145,46820元/平米,2025-04-13,商品房,2021-10-22,普通住宅,满两年,非共有,"
                                无抵押
                              ",已上传房本照片,180614781774,"
2室1厅1厨1卫
                                                  ","
低楼层 (共3层)
                                                  ","
30.97㎡
                                                  ","
平层
                                                  ","
暂无数据
                                                  ","
板楼
                                                  ","
南
                                                  ","
钢混结构
                                                  ","
其他
                                                  ","
暂无数据
                                                  ","
无
                                                  ","
暂无数据
                                                        
"
18,嘉泰馨庭,拱墅区,桥西,近地铁5号线大运河站,580,42770元/平米,2025-04-10,商品房,2012-12-05,普通住宅,满五年,非共有,"
                                无抵押
                              ",已上传房本照片,221226ZZ630526,"
4室2厅1厨2卫
                                                  ","
中楼层 (共18层)
                                                  ","
135.61㎡
                                                  ","
平层
                                                  ","
104.64㎡
                                                  ","
板楼
                                                  ","
南
                                                  ","
钢混结构
                                                  ","
简装
                                                  ","
两梯两户
                                                  ","
有
                                                  ","
暂无数据
                                                        
"
19,馥香园,拱墅区,和睦,近10号线 北大桥站,1512,76268元/平米,2025-02-12,商品房,2025-02-12,普通住宅,未满两年,非共有,"
                                无抵押
                              ",已上传房本照片,250214BJ603818,"
4室2厅1厨3卫
                                                  ","
低楼层 (共17层)
                                                  ","
198.25㎡
                                                  ","
平层
                                                  ","
暂无数据
                                                  ","
板塔结合
                                                  ","
南
                                                  ","
框架结构
                                                  ","
其他
                                                  ","
两梯两户
                                                  ","
有
                                                  ","
暂无数据
                                                        
"
20,西铭苑,拱墅区,申花,,370,31870元/平米,2024-12-01,商品房,2016-05-10,普通住宅,满五年,非共有,"
                                有抵押 120万元
                              ",已上传房本照片,241208LC139531,"
3室2厅1厨2卫
                                                  ","
中楼层 (共17层)
                                                  ","
116.1㎡
                                                  ","
平层
                                                  ","
91.98㎡
                                                  ","
板塔结合
                                                  ","
南
                                                  ","
钢混结构
                                                  ","
精装
                                                  ","
两梯两户
                                                  ","
有
                                                  ","
暂无数据
                                                        
"
21,杭曜置地中心二区,拱墅区,和睦,近地铁5号线和睦站,999,55664元/平米,2025-04-23,商品房,2025-04-15,普通住宅,未满两年,共有,"
                                有抵押
                              ",已上传房本照片,250424TE728937,"
4室2厅1厨3卫
                                                  ","
低楼层 (共24层)
                                                  ","
179.47㎡
                                                  ","
平层
                                                  ","
暂无数据
                                                  ","
板楼
                                                  ","
南
                                                  ","
钢混结构
                                                  ","
精装
                                                  ","
两梯两户
                                                  ","
有
                                                  ","
暂无数据
                                                        
"
22,三塘北村,拱墅区,三塘,,105,24527元/平米,2024-09-14,已购公房,2018-02-26,普通住宅,满五年,非共有,"
                                无抵押
                              ",已上传房本照片,180117773163,"
1室1厅1厨1卫
                                                  ","
中楼层 (共7层)
                                                  ","
42.81㎡
                                                  ","
平层
                                                  ","
暂无数据
                                                  ","
板楼
                                                  ","
南
                                                  ","
砖混结构
                                                  ","
精装
                                                  ","
暂无数据
                                                  ","
无
                                                  ","
暂无数据
                                                        
"
23,胜滨府,拱墅区,大关,近3号线(星桥-吴山前村) 香积寺站,480,44944元/平米,2025-01-21,已购公房,2025-01-09,普通住宅,未满两年,非共有,"
                                无抵押
                              ",已上传房本照片,250121ZF003564,"
3室2厅1厨2卫
                                                  ","
中楼层 (共26层)
                                                  ","
106.8㎡
                                                  ","
平层
                                                  ","
暂无数据
                                                  ","
板楼
                                                  ","
南
                                                  ","
钢混结构
                                                  ","
精装
                                                  ","
两梯四户
                                                  ","
有
                                                  ","
暂无数据
                                                        
"
24,望林府,拱墅区,万达广场,近10号线渡驾桥站,585,45430元/平米,2024-02-20,商品房,2024-02-20,普通住宅,未满两年,共有,"
                                有抵押 90万元
                              ",已上传房本照片,240226EL312347,"
4室2厅1厨2卫
                                                  ","
低楼层 (共7层)
                                                  ","
128.77㎡
                                                  ","
平层
                                                  ","
暂无数据
                                                  ","
塔楼
                                                  ","
南
                                                  ","
砖混结构
                                                  ","
精装
                                                  ","
暂无数据
                                                  ","
暂无数据
                                                  ","
暂无数据
                                                        
"
25,世嘉君座,拱墅区,三塘,近地铁4号线新天地街站,93,18431元/平米,2022-08-06,商品房,2018-08-22,商住两用,满五年,非共有,"
                                无抵押
                              ",已上传房本照片,181206456419,"
1室1厅1厨2卫
                                                  ","
高楼层 (共11层)
                                                  ","
50.46㎡
                                                  ","
复式
                                                  ","
39.11㎡
                                                  ","
板塔结合
                                                  ","
南
                                                  ","
钢混结构
                                                  ","
精装
                                                  ","
三梯二十一户
                                                  ","
有
                                                  ","
暂无数据
                                                        
","
商水
                                                  ","
商电
                                                  ","
3.1元/m3
                                                  "
26,建德村,拱墅区,潮鸣,,253,30813元/平米,2025-04-08,商品房,2003-01-01,普通住宅,满五年,非共有,"
                                无抵押
                              ",已上传房本照片,220620QP583912,"
4室1厅1厨1卫
                                                  ","
中楼层 (共6层)
                                                  ","
82.11㎡
                                                  ","
平层
                                                  ","
暂无数据
                                                  ","
板楼
                                                  ","
南 西 北
                                                  ","
混合结构
                                                  ","
简装
                                                  ","
暂无数据
                                                  ","
无
                                                  ","
暂无数据
                                                        
"
27,广宇锦绣桃源,拱墅区,半山,近地铁4号线 吴家角港站,354,27146元/平米,2025-04-01,商品房,2018-05-08,普通住宅,满五年,非共有,"
                                有抵押
                              ",已上传房本照片,210903XL831021,"
4室1厅1厨4卫
                                                  ","
高楼层 (共30层)
                                                  ","
130.41㎡
                                                  ","
跃层
                                                  ","
暂无数据
                                                  ","
板塔结合
                                                  ","
东南 东
                                                  ","
混合结构
                                                  ","
其他
                                                  ","
两梯四户
                                                  ","
有
                                                  ","
暂无数据
                                                        
"
28,工人新村,拱墅区,建国北路,近地铁5号线 宝善桥站,158,30107元/平米,2025-04-24,商品房,2013-01-01,普通住宅,满五年,共有,"
                                无抵押
                              ",已上传房本照片,250424AO081026,"
2室1厅1厨1卫
                                                  ","
中楼层 (共6层)
                                                  ","
52.48㎡
                                                  ","
平层
                                                  ","
47.11㎡
                                                  ","
板楼
                                                  ","
南
                                                  ","
砖混结构
                                                  ","
简装
                                                  ","
暂无数据
                                                  ","
无
                                                  ","
暂无数据
                                                        
"
29,杭曜置地中心一区,拱墅区,和睦,近地铁5号线和睦站,845,61263元/平米,2025-04-16,商品房,2025-04-08,普通住宅,未满两年,共有,"
                                有抵押 400万元
                              ",已上传房本照片,250417TC776174,"
4室2厅1厨2卫
                                                  ","
中楼层 (共25层)
                                                  ","
137.93㎡
                                                  ","
平层
                                                  ","
暂无数据
                                                  ","
板楼
                                                  ","
南
                                                  ","
钢混结构
                                                  ","
精装
                                                  ","
两梯四户
                                                  ","
有
                                                  ","
暂无数据
                                                        
"
30,金昌苑,拱墅区,运河新城,,320,22737元/平米,2025-02-14,商品房,2025-02-10,普通住宅,未满两年,共有,"
                                无抵押
                              ",已上传房本照片,250214QS602450,"
4室2厅1厨1卫
                                                  ","
中楼层 (共28层)
                                                  ","
140.74㎡
                                                  ","
平层
                                                  ","
暂无数据
                                                  ","
塔楼
                                                  ","
东
                                                  ","
钢混结构
                                                  ","
其他
                                                  ","
两梯两户
                                                  ","
有
                                                  ","
暂无数据
                                                        
"
31,上塘宸章,拱墅区,运河新城,近地铁4号线 皋亭坝站,515,44412元/平米,2025-01-16,商品房,2019-08-01,普通住宅,满五年,共有,"
                                有抵押 136万元 中国工商银行湖墅支行
                              ",已上传房本照片,190807985958,"
3室2厅1厨2卫
                                                  ","
高楼层 (共25层)
                                                  ","
115.96㎡
                                                  ","
平层
                                                  ","
暂无数据
                                                  ","
板楼
                                                  ","
南
                                                  ","
钢混结构
                                                  ","
精装
                                                  ","
两梯四户
                                                  ","
有
                                                  ","
暂无数据
                                                        
"
32,汉港武林汇,拱墅区,申花,近10号线 花园岗站,112,17053元/平米,2022-12-17,商品房,2023-11-16,商住两用,未满两年,非共有,"
                                无抵押
                              ",已上传房本照片,200722HZ094095,"
3室2厅1厨2卫
                                                  ","
高楼层 (共17层)
                                                  ","
65.68㎡
                                                  ","
暂无数据
                                                  ","
暂无数据
                                                  ","
板楼
                                                  ","
东南
                                                  ","
钢混结构
                                                  ","
精装
                                                  ","
六梯四十户
                                                  ","
有
                                                  ","
暂无数据
                                                        
","
未知
                                                  ","
未知
                                                  "
33,滨江望品,拱墅区,大关,,920,58779元/平米,2024-03-18,商品房,2024-03-17,普通住宅,未满两年,共有,"
                                无抵押
                              ",已上传房本照片,240318MN651113,"
5室2厅1厨3卫
                                                  ","
高楼层 (共11层)
                                                  ","
156.52㎡
                                                  ","
平层
                                                  ","
暂无数据
                                                  ","
板楼
                                                  ","
南
                                                  ","
钢混结构
                                                  ","
精装
                                                  ","
一梯两户
                                                  ","
有
                                                  ","
暂无数据
                                                        
"
34,朝晖九区,拱墅区,朝晖,近3号线(星桥-吴山前村)潮王路站,188,28919元/平米,2024-09-19,商品房,1998-05-29,普通住宅,满五年,共有,"
                                无抵押
                              ",已上传房本照片,221014JK401615,"
2室1厅1厨1卫
                                                  ","
中楼层 (共4层)
                                                  ","
65.01㎡
                                                  ","
平层
                                                  ","
暂无数据
                                                  ","
板塔结合
                                                  ","
南
                                                  ","
钢混结构
                                                  ","
简装
                                                  ","
暂无数据
                                                  ","
无
                                                  ","
暂无数据
                                                        
"
35,裕兴院,拱墅区,拱宸桥,近地铁5号线拱宸桥东站,160,23216元/平米,2025-04-01,已购公房,2025-04-27,普通住宅,未满两年,非共有,"
                                无抵押
                              ",已上传房本照片,250429FN464889,"
2室2厅1厨1卫
                                                  ","
高楼层 (共7层)
                                                  ","
68.92㎡
                                                  ","
平层
                                                  ","
暂无数据
                                                  ","
板塔结合
                                                  ","
南
                                                  ","
砖混结构
                                                  ","
其他
                                                  ","
暂无数据
                                                  ","
无
                                                  ","
暂无数据
                                                        
"
36,雍荣华庭,拱墅区,申花,近10号线 花园岗站,335,37277元/平米,2023-04-19,商品房,2017-10-19,普通住宅,满五年,共有,"
                                无抵押
                              ",已上传房本照片,220922FO476034,"
3室2厅1厨2卫
                                                  ","
高楼层 (共30层)
                                                  ","
89.87㎡
                                                  ","
平层
                                                  ","
暂无数据
                                                  ","
板楼
                                                  ","
南
                                                  ","
钢混结构
                                                  ","
简装
                                                  ","
两梯四户
                                                  ","
有
                                                  ","
暂无数据
                                                        
"
37,欣景苑,拱墅区,三塘,近地铁4号线新天地街站,240,26602元/平米,2025-02-05,已购公房,2017-03-01,普通住宅,满五年,共有,"
                                有抵押 200万元
                              ",已上传房本照片,250210ER954055,"
2室1厅1厨1卫
                                                  ","
中楼层 (共17层)
                                                  ","
90.22㎡
                                                  ","
平层
                                                  ","
暂无数据
                                                  ","
板楼
                                                  ","
南
                                                  ","
钢混结构
                                                  ","
精装
                                                  ","
两梯两户
                                                  ","
有
                                                  ","
暂无数据
                                                        
"
38,万家花城二期,拱墅区,申花,近地铁5号线萍水街站,440,49915元/平米,2024-11-08,商品房,2016-05-04,普通住宅,满五年,非共有,"
                                有抵押 300万元
                              ",已上传房本照片,241110NM669961,"
3室2厅1厨1卫
                                                  ","
高楼层 (共18层)
                                                  ","
88.15㎡
                                                  ","
平层
                                                  ","
69.59㎡
                                                  ","
板楼
                                                  ","
南
                                                  ","
钢混结构
                                                  ","
精装
                                                  ","
两梯三户
                                                  ","
有
                                                  ","
暂无数据
                                                        
"
39,星瓒颂锦府,拱墅区,和睦,近10号线 花园岗站,595,55313元/平米,2025-01-07,商品房,2025-01-07,普通住宅,未满两年,共有,"
                                有抵押 450万元 业主自还
                              ",已上传房本照片,250107UB689135,"
3室2厅1厨2卫
                                                  ","
低楼层 (共24层)
                                                  ","
107.57㎡
                                                  ","
平层
                                                  ","
暂无数据
                                                  ","
板楼
                                                  ","
南
                                                  ","
钢混结构
                                                  ","
精装
                                                  ","
两梯四户
                                                  ","
有
                                                  ","
暂无数据
                                                        
"
40,现代雅苑,拱墅区,和平,近地铁5号线打铁关站,480,36093元/平米,2024-12-11,商品房,2004-04-18,普通住宅,满五年,共有,"
                                无抵押
                              ",已上传房本照片,241216CX190616,"
3室2厅1厨2卫
                                                  ","
高楼层 (共12层)
                                                  ","
132.99㎡
                                                  ","
平层
                                                  ","
暂无数据
                                                  ","
板塔结合
                                                  ","
南
                                                  ","
混合结构
                                                  ","
简装
                                                  ","
一梯两户
                                                  ","
有
                                                  ","
暂无数据
                                                        
"
41,大关南五苑,拱墅区,大关,,168,23441元/平米,2024-11-19,已购公房,2013-02-25,普通住宅,满五年,共有,"
                                无抵押
                              ",已上传房本照片,241024ML458446,"
3室1厅1厨1卫
                                                  ","
中楼层 (共7层)
                                                  ","
71.67㎡
                                                  ","
平层
                                                  ","
63.1㎡
                                                  ","
板楼
                                                  ","
南
                                                  ","
混合结构
                                                  ","
其他
                                                  ","
暂无数据
                                                  ","
无
                                                  ","
暂无数据
                                                        
"
42,广兴新村,拱墅区,和睦,近10号线 北大桥站,246,26801元/平米,2025-04-24,商品房,2005-02-23,普通住宅,满五年,非共有,"
                                无抵押
                              ",已上传房本照片,250424HU942694,"
3室1厅1厨1卫
                                                  ","
中楼层 (共7层)
                                                  ","
91.79㎡
                                                  ","
平层
                                                  ","
暂无数据
                                                  ","
板楼
                                                  ","
南
                                                  ","
混合结构
                                                  ","
其他
                                                  ","
暂无数据
                                                  ","
无
                                                  ","
暂无数据
                                                        
"
43,望林府,拱墅区,万达广场,近10号线 祥园路站,160,33431元/平米,2025-02-20,商品房,2024-02-22,普通住宅,未满两年,共有,"
                                无抵押
                              ",已上传房本照片,240222AE721861,"
1室1厅1厨1卫
                                                  ","
中楼层 (共25层)
                                                  ","
47.86㎡
                                                  ","
平层
                                                  ","
暂无数据
                                                  ","
板塔结合
                                                  ","
南
                                                  ","
砖混结构
                                                  ","
精装
                                                  ","
两梯八户
                                                  ","
有
                                                  ","
暂无数据
                                                        
"
44,三塘汶园,拱墅区,三塘,近地铁5号线东新园站,245,25682元/平米,2025-02-24,商品房,2014-01-29,普通住宅,满五年,共有,"
                                无抵押
                              ",已上传房本照片,250220CL514644,"
2室2厅1厨1卫
                                                  ","
高楼层 (共18层)
                                                  ","
95.4㎡
                                                  ","
平层
                                                  ","
76.77㎡
                                                  ","
塔楼
                                                  ","
南 北
                                                  ","
钢混结构
                                                  ","
精装
                                                  ","
两梯两户
                                                  ","
有
                                                  ","
暂无数据
                                                        
"
45,朝晖六区,拱墅区,朝晖,近3号线(星桥-吴山前村)潮王路站,150,29816元/平米,2024-10-21,已购公房,2024-10-21,普通住宅,未满两年,共有,"
                                无抵押
                              ",已上传房本照片,241022UW161711,"
2室1厅1厨1卫
                                                  ","
中楼层 (共6层)
                                                  ","
50.31㎡
                                                  ","
平层
                                                  ","
暂无数据
                                                  ","
板楼
                                                  ","
南
                                                  ","
混合结构
                                                  ","
简装
                                                  ","
暂无数据
                                                  ","
无
                                                  ","
暂无数据
                                                        
"
46,北景园紫荆苑,拱墅区,石桥,近3号线(星桥-吴山前村) 汽轮广场站,215,16870元/平米,2025-03-16,商品房,2015-03-05,普通住宅,满五年,共有,"
                                无抵押
                              ",已上传房本照片,250314BZ273892,"
4室2厅1厨2卫
                                                  ","
高楼层 (共6层)
                                                  ","
127.45㎡
                                                  ","
跃层
                                                  ","
112.42㎡
                                                  ","
板楼
                                                  ","
南
                                                  ","
混合结构
                                                  ","
精装
                                                  ","
暂无数据
                                                  ","
无
                                                  ","
暂无数据
                                                        
"
47,滨江芳翠锦绣府,拱墅区,三塘,近地铁4号线新天地街站,888,63757元/平米,2025-03-31,商品房,2025-03-31,普通住宅,未满两年,共有,"
                                无抵押
                              ",已上传房本照片,250401VX296316,"
4室2厅1厨2卫
                                                  ","
中楼层 (共17层)
                                                  ","
139.28㎡
                                                  ","
平层
                                                  ","
暂无数据
                                                  ","
板塔结合
                                                  ","
南
                                                  ","
混合结构
                                                  ","
精装
                                                  ","
两梯三户
                                                  ","
有
                                                  ","
暂无数据
                                                        
"
48,观巷,拱墅区,众安桥,近1号线(萧山国际机场-湘湖)凤起路站,300,41141元/平米,2025-03-02,商品房,1998-10-01,普通住宅,满五年,非共有,"
                                无抵押
                              ",已上传房本照片,250315DM437911,"
3室1厅1厨1卫
                                                  ","
中楼层 (共7层)
                                                  ","
72.92㎡
                                                  ","
平层
                                                  ","
暂无数据
                                                  ","
板楼
                                                  ","
南
                                                  ","
混合结构
                                                  ","
其他
                                                  ","
暂无数据
                                                  ","
无
                                                  ","
暂无数据
                                                        
"
49,登云阁,拱墅区,拱宸桥,近地铁5号线拱宸桥东站,95,27120元/平米,2024-08-20,商品房,2014-06-04,普通住宅,满五年,共有,"
                                无抵押
                              ",已上传房本照片,240315DS205230,"
1室1厅1厨1卫
                                                  ","
低楼层 (共7层)
                                                  ","
35.03㎡
                                                  ","
平层
                                                  ","
31.03㎡
                                                  ","
板楼
                                                  ","
南
                                                  ","
混合结构
                                                  ","
简装
                                                  ","
暂无数据
                                                  ","
无
                                                  ","
暂无数据
                                                        
"
50,杭曜置地中心二区,拱墅区,和睦,近地铁5号线和睦站,1120,62375元/平米,2025-04-08,商品房,2025-04-08,普通住宅,未满两年,非共有,"
                                有抵押 300万元
                              ",已上传房本照片,250408QQ282262,"
4室2厅1厨3卫
                                                  ","
中楼层 (共23层)
                                                  ","
179.56㎡
                                                  ","
平层
                                                  ","
暂无数据
                                                  ","
板楼
                                                  ","
南
                                                  ","
框架结构
                                                  ","
精装
                                                  ","
两梯两户
                                                  ","
有
                                                  ","
暂无数据
                                                        
"
51,滨萃悦府,拱墅区,运河新城,近地铁4号线 皋亭坝站,918,48893元/平米,2025-03-11,商品房,2025-03-11,普通住宅,未满两年,共有,"
                                有抵押 150万元 业主自还
                              ",已上传房本照片,250311LY688587,"
5室2厅1厨3卫
                                                  ","
高楼层 (共24层)
                                                  ","
187.76㎡
                                                  ","
平层
                                                  ","
暂无数据
                                                  ","
板塔结合
                                                  ","
南
                                                  ","
钢混结构
                                                  ","
精装
                                                  ","
两梯两户
                                                  ","
有
                                                  ","
暂无数据
                                                        
"
52,滨江芳翠锦绣府,拱墅区,三塘,近地铁4号线新天地街站,798,57295元/平米,2025-04-17,商品房,2025-03-28,普通住宅,未满两年,非共有,"
                                有抵押 50万元
                              ",已上传房本照片,250423LZ250422,"
4室2厅1厨2卫
                                                  ","
中楼层 (共17层)
                                                  ","
139.28㎡
                                                  ","
平层
                                                  ","
暂无数据
                                                  ","
板塔结合
                                                  ","
南
                                                  ","
混合结构
                                                  ","
精装
                                                  ","
两梯三户
                                                  ","
有
                                                  ","
暂无数据
                                                        
"
53,浙旅德信西宸,拱墅区,申花,近地铁5号线和睦站,655,57786元/平米,2025-02-16,商品房,2018-06-27,普通住宅,满五年,非共有,"
                                无抵押
                              ",已上传房本照片,240816YW824634,"
4室1厅1厨2卫
                                                  ","
高楼层 (共18层)
                                                  ","
113.35㎡
                                                  ","
平层
                                                  ","
暂无数据
                                                  ","
板塔结合
                                                  ","
南
                                                  ","
钢混结构
                                                  ","
精装
                                                  ","
两梯四户
                                                  ","
有
                                                  ","
暂无数据
                                                        
"
54,朝晖四区,拱墅区,朝晖,,185,29753元/平米,2024-11-11,已购公房,2003-12-09,普通住宅,满五年,非共有,"
                                无抵押
                              ",已上传房本照片,241109QH612094,"
2室2厅1厨1卫
                                                  ","
中楼层 (共7层)
                                                  ","
62.18㎡
                                                  ","
平层
                                                  ","
暂无数据
                                                  ","
板楼
                                                  ","
南
                                                  ","
混合结构
                                                  ","
简装
                                                  ","
暂无数据
                                                  ","
无
                                                  ","
暂无数据
                                                        
"
55,滨江芳翠锦绣府,拱墅区,三塘,近地铁4号线新天地街站,1080,64386元/平米,2025-04-02,商品房,2025-04-02,普通住宅,未满两年,共有,"
                                无抵押
                              ",已上传房本照片,250403EZ613820,"
4室2厅1厨2卫
                                                  ","
中楼层 (共17层)
                                                  ","
167.74㎡
                                                  ","
平层
                                                  ","
暂无数据
                                                  ","
板塔结合
                                                  ","
南
                                                  ","
混合结构
                                                  ","
其他
                                                  ","
两梯两户
                                                  ","
有
                                                  ","
暂无数据
                                                        
"
56,和睦新村,拱墅区,和睦,近地铁5号线和睦站,98,27087元/平米,2025-04-17,商品房,2021-04-28,普通住宅,满两年,共有,"
                                无抵押
                              ",已上传房本照片,190609804911,"
1室1厅1厨1卫
                                                  ","
中楼层 (共7层)
                                                  ","
36.18㎡
                                                  ","
平层
                                                  ","
暂无数据
                                                  ","
板楼
                                                  ","
南
                                                  ","
砖混结构
                                                  ","
简装
                                                  ","
暂无数据
                                                  ","
无
                                                  ","
暂无数据
                                                        
"
57,天阅云合源,拱墅区,万达广场,,608,47246元/平米,2023-05-06,商品房,2023-05-05,普通住宅,满两年,共有,"
                                无抵押
                              ",已上传房本照片,230507OG715920,"
4室2厅1厨2卫
                                                  ","
中楼层 (共17层)
                                                  ","
128.69㎡
                                                  ","
平层
                                                  ","
暂无数据
                                                  ","
板楼
                                                  ","
南
                                                  ","
框架结构
                                                  ","
精装
                                                  ","
两梯两户
                                                  ","
有
                                                  ","
暂无数据
                                                        
"
58,流水苑,拱墅区,流水苑,近地铁5号线 宝善桥站,155,30669元/平米,2025-04-02,商品房,2000-04-18,普通住宅,满五年,共有,"
                                无抵押
                              ",已上传房本照片,250328GN717588,"
2室1厅1厨1卫
                                                  ","
低楼层 (共7层)
                                                  ","
50.54㎡
                                                  ","
平层
                                                  ","
暂无数据
                                                  ","
板楼
                                                  ","
南
                                                  ","
混合结构
                                                  ","
精装
                                                  ","
暂无数据
                                                  ","
无
                                                  ","
暂无数据
                                                        
"
59,仓基新村,拱墅区,信义坊,近3号线(星桥-吴山前村) 香积寺站,139,38261元/平米,2025-04-10,商品房,2020-06-28,普通住宅,满两年,非共有,"
                                有抵押
                              ",已上传房本照片,200606623780,"
2室1厅1厨1卫
                                                  ","
低楼层 (共6层)
                                                  ","
36.33㎡
                                                  ","
跃层
                                                  ","
暂无数据
                                                  ","
板楼
                                                  ","
西
                                                  ","
混合结构
                                                  ","
其他
                                                  ","
暂无数据
                                                  ","
无
                                                  ","
暂无数据
                                                        
"
60,都市水乡水滟苑,拱墅区,三墩,近地铁2号线墩祥街站,193,20306元/平米,2024-11-23,商品房,2017-08-25,普通住宅,满五年,共有,"
                                无抵押
                              ",已上传房本照片,230526FZ153413,"
2室2厅1厨1卫
                                                  ","
高楼层 (共16层)
                                                  ","
95.05㎡
                                                  ","
平层
                                                  ","
暂无数据
                                                  ","
板楼
                                                  ","
南 北
                                                  ","
混合结构
                                                  ","
简装
                                                  ","
一梯两户
                                                  ","
有
                                                  ","
暂无数据
                                                        
"
61,墨香苑,拱墅区,信义坊,近10号线 北大桥站,718,36501元/平米,2025-01-21,商品房,2005-01-02,普通住宅,满五年,非共有,"
                                无抵押
                              ",已上传房本照片,210618TH962945,"
5室3厅1厨2卫
                                                  ","
高楼层 (共12层)
                                                  ","
196.71㎡
                                                  ","
跃层
                                                  ","
暂无数据
                                                  ","
板楼
                                                  ","
南
                                                  ","
钢混结构
                                                  ","
精装
                                                  ","
一梯两户
                                                  ","
有
                                                  ","
暂无数据
                                                        
"
62,天阳尚景国际二期,拱墅区,申花,近地铁5号线和睦站,735,57030元/平米,2024-08-20,商品房,2021-01-26,普通住宅,满两年,非共有,"
                                有抵押 200万元
                              ",已上传房本照片,220607MF805980,"
4室2厅1厨2卫
                                                  ","
中楼层 (共18层)
                                                  ","
128.88㎡
                                                  ","
平层
                                                  ","
暂无数据
                                                  ","
板塔结合
                                                  ","
南 西
                                                  ","
混合结构
                                                  ","
精装
                                                  ","
两梯四户
                                                  ","
有
                                                  ","
暂无数据
                                                        
"
63,德胜东村,拱墅区,德胜东,近地铁5号线东新园站,192,24237元/平米,2025-03-22,已购公房,2020-12-25,普通住宅,满两年,非共有,"
                                无抵押
                              ",已上传房本照片,250316WH555562,"
3室1厅1厨1卫
                                                  ","
高楼层 (共6层)
                                                  ","
79.22㎡
                                                  ","
平层
                                                  ","
暂无数据
                                                  ","
板塔结合
                                                  ","
南
                                                  ","
混合结构
                                                  ","
精装
                                                  ","
暂无数据
                                                  ","
无
                                                  ","
暂无数据
                                                        
"
64,天阅云合源,拱墅区,万达广场,,608,47235元/平米,2024-11-14,商品房,2022-11-21,普通住宅,满两年,非共有,"
                                有抵押 50万元
                              ",已上传房本照片,241114DD231745,"
4室2厅1厨2卫
                                                  ","
高楼层 (共16层)
                                                  ","
128.72㎡
                                                  ","
平层
                                                  ","
暂无数据
                                                  ","
板楼
                                                  ","
南
                                                  ","
框架结构
                                                  ","
精装
                                                  ","
两梯两户
                                                  ","
有
                                                  ","
暂无数据
                                                        
"
65,滨江芳翠锦绣府,拱墅区,三塘,近地铁4号线新天地街站,698,56423元/平米,2025-04-10,商品房,2025-03-29,普通住宅,未满两年,非共有,"
                                有抵押 350万元 杭州联合银行 业主自还
                              ",已上传房本照片,250410RU652294,"
4室2厅1厨2卫
                                                  ","
低楼层 (共17层)
                                                  ","
123.71㎡
                                                  ","
平层
                                                  ","
暂无数据
                                                  ","
板塔结合
                                                  ","
南
                                                  ","
混合结构
                                                  ","
精装
                                                  ","
两梯三户
                                                  ","
有
                                                  ","
暂无数据
                                                        
"
66,欣盛东方福邸,拱墅区,申花,近地铁5号线萍水街站,520,59105元/平米,2025-01-12,商品房,2015-03-20,普通住宅,满五年,共有,"
                                无抵押
                              ",已上传房本照片,250116LQ674292,"
3室2厅1厨1卫
                                                  ","
高楼层 (共24层)
                                                  ","
87.98㎡
                                                  ","
平层
                                                  ","
67.51㎡
                                                  ","
塔楼
                                                  ","
南
                                                  ","
钢混结构
                                                  ","
精装
                                                  ","
两梯四户
                                                  ","
有
                                                  ","
暂无数据
                                                        
"
67,浙旅德信西宸,拱墅区,申花,近地铁5号线和睦站,665,58565元/平米,2025-03-18,商品房,2018-05-29,普通住宅,满五年,非共有,"
                                有抵押 2万元 业主自还
                              ",已上传房本照片,250318KD921841,"
4室2厅1厨2卫
                                                  ","
高楼层 (共18层)
                                                  ","
113.55㎡
                                                  ","
平层
                                                  ","
暂无数据
                                                  ","
板楼
                                                  ","
南 北
                                                  ","
框架结构
                                                  ","
精装
                                                  ","
两梯四户
                                                  ","
有
                                                  ","
暂无数据
                                                        
"
68,上塘宸章,拱墅区,运河新城,,585,47083元/平米,2025-04-25,商品房,2019-07-09,普通住宅,满五年,共有,"
                                无抵押
                              ",已上传房本照片,250424WT318763,"
4室2厅1厨2卫
                                                  ","
中楼层 (共25层)
                                                  ","
124.25㎡
                                                  ","
平层
                                                  ","
暂无数据
                                                  ","
板楼
                                                  ","
南 西南
                                                  ","
钢混结构
                                                  ","
其他
                                                  ","
两梯四户
                                                  ","
有
                                                  ","
暂无数据
                                                        
"
69,祥符佳苑,拱墅区,申花,,168,19574元/平米,2024-09-29,商品房,2015-03-04,普通住宅,满五年,非共有,"
                                无抵押
                              ",已上传房本照片,210304SV595212,"
2室2厅1厨1卫
                                                  ","
高楼层 (共24层)
                                                  ","
85.83㎡
                                                  ","
平层
                                                  ","
68.11㎡
                                                  ","
板楼
                                                  ","
南 北
                                                  ","
钢混结构
                                                  ","
简装
                                                  ","
两梯四户
                                                  ","
有
                                                  ","
暂无数据
                                                        
"
70,打铁关新村,拱墅区,和平,近地铁5号线打铁关站,168,28640元/平米,2025-04-09,已购公房,2023-05-08,普通住宅,满两年,非共有,"
                                有抵押 145万元
                              ",已上传房本照片,250409DO468710,"
2室1厅1厨1卫
                                                  ","
低楼层 (共6层)
                                                  ","
58.66㎡
                                                  ","
平层
                                                  ","
暂无数据
                                                  ","
板楼
                                                  ","
南
                                                  ","
砖混结构
                                                  ","
简装
                                                  ","
暂无数据
                                                  ","
无
                                                  ","
暂无数据
                                                        
"
71,艮园社区,拱墅区,建国北路,近地铁5号线 宝善桥站,155,35405元/平米,2024-07-30,商品房,2000-01-01,普通住宅,满五年,共有,"
                                无抵押
                              ",已上传房本照片,240730SS637366,"
2室1厅1厨1卫
                                                  ","
中楼层 (共7层)
                                                  ","
43.78㎡
                                                  ","
平层
                                                  ","
暂无数据
                                                  ","
板楼
                                                  ","
南
                                                  ","
混合结构
                                                  ","
简装
                                                  ","
一梯三户
                                                  ","
有
                                                  ","
暂无数据
                                                        
"
72,康馨苑,拱墅区,运河新城,近地铁4号线平安桥站,173,25430元/平米,2025-01-09,上市经济适用房,2018-06-06,普通住宅,满五年,共有,"
                                无抵押
                              ",已上传房本照片,250421PJ251535,"
2室1厅1厨1卫
                                                  ","
高楼层 (共27层)
                                                  ","
68.03㎡
                                                  ","
平层
                                                  ","
暂无数据
                                                  ","
板楼
                                                  ","
南
                                                  ","
钢混结构
                                                  ","
简装
                                                  ","
两梯四户
                                                  ","
有
                                                  ","
暂无数据
                                                        
"
73,碧桂园西江月,拱墅区,申花,近10号线 花园岗站,720,55616元/平米,2023-10-07,商品房,2019-05-13,普通住宅,满五年,非共有,"
                                有抵押 100万元 业主自还
                              ",已上传房本照片,231008XN250387,"
4室2厅1厨2卫
                                                  ","
低楼层 (共18层)
                                                  ","
129.46㎡
                                                  ","
平层
                                                  ","
暂无数据
                                                  ","
板塔结合
                                                  ","
南
                                                  ","
框架结构
                                                  ","
精装
                                                  ","
两梯两户
                                                  ","
有
                                                  ","
暂无数据
                                                        
"
74,蓝色霞湾,拱墅区,德胜,近3号线(星桥-吴山前村) 香积寺站,473,39450元/平米,2022-05-23,商品房,2007-09-27,普通住宅,满五年,非共有,"
                                无抵押
                              ",已上传房本照片,220523QM924443,"
3室2厅1厨1卫
                                                  ","
中楼层 (共9层)
                                                  ","
119.9㎡
                                                  ","
平层
                                                  ","
94.31㎡
                                                  ","
板塔结合
                                                  ","
南
                                                  ","
框架结构
                                                  ","
简装
                                                  ","
一梯两户
                                                  ","
有
                                                  ","
暂无数据
                                                        
"
75,米市巷,拱墅区,湖墅,近地铁2号线沈塘桥站,158,29750元/平米,2022-06-22,商品房,2011-10-27,普通住宅,满五年,非共有,"
                                有抵押 40万元 杭州银行官巷口支行 业主自还
                              ",已上传房本照片,220612PA538852,"
2室1厅1厨1卫
                                                  ","
低楼层 (共7层)
                                                  ","
53.11㎡
                                                  ","
平层
                                                  ","
46.44㎡
                                                  ","
板塔结合
                                                  ","
南
                                                  ","
混合结构
                                                  ","
精装
                                                  ","
暂无数据
                                                  ","
无
                                                  ","
暂无数据
                                                        
"
76,大关东二苑,拱墅区,大关,,125,20594元/平米,2025-01-17,商品房,2015-08-03,普通住宅,满五年,非共有,"
                                无抵押
                              ",已上传房本照片,241110BZ680099,"
2室1厅1厨1卫
                                                  ","
高楼层 (共7层)
                                                  ","
60.7㎡
                                                  ","
平层
                                                  ","
暂无数据
                                                  ","
板楼
                                                  ","
南
                                                  ","
混合结构
                                                  ","
简装
                                                  ","
暂无数据
                                                  ","
无
                                                  ","
暂无数据
                                                        
"
77,馥香园,拱墅区,和睦,近10号线 北大桥站,1222,70037元/平米,2025-04-17,商品房,2025-02-19,普通住宅,未满两年,共有,"
                                有抵押
                              ",已上传房本照片,250220NL528414,"
4室2厅1厨3卫
                                                  ","
低楼层 (共17层)
                                                  ","
174.48㎡
                                                  ","
平层
                                                  ","
暂无数据
                                                  ","
板楼
                                                  ","
东南
                                                  ","
框架结构
                                                  ","
其他
                                                  ","
两梯两户
                                                  ","
有
                                                  ","
暂无数据
                                                        
"
78,馥香园,拱墅区,和睦,,1630,66333元/平米,2025-02-19,商品房,2025-02-19,普通住宅,未满两年,共有,"
                                无抵押
                              ",已上传房本照片,250219EH332132,"
5室3厅1厨3卫
                                                  ","
低楼层 (共16层)
                                                  ","
245.73㎡
                                                  ","
平层
                                                  ","
暂无数据
                                                  ","
板塔结合
                                                  ","
南
                                                  ","
框架结构
                                                  ","
精装
                                                  ","
两梯两户
                                                  ","
有
                                                  ","
暂无数据
                                                        
"
79,和平小区,拱墅区,流水苑,近地铁5号线打铁关站,230,32514元/平米,2025-01-12,商品房,1998-04-01,普通住宅,满五年,非共有,"
                                无抵押
                              ",已上传房本照片,250315TS519124,"
2室1厅1厨1卫
                                                  ","
低楼层 (共6层)
                                                  ","
70.74㎡
                                                  ","
平层
                                                  ","
暂无数据
                                                  ","
板楼
                                                  ","
南
                                                  ","
混合结构
                                                  ","
简装
                                                  ","
暂无数据
                                                  ","
无
                                                  ","
暂无数据
                                                        
"
80,孩儿巷,拱墅区,武林,近1号线(萧山国际机场-湘湖)凤起路站,200,39002元/平米,2025-03-23,已购公房,2024-11-22,普通住宅,未满两年,共有,"
                                无抵押
                              ",已上传房本照片,181127999219,"
2室2厅1厨1卫
                                                  ","
高楼层 (共7层)
                                                  ","
51.28㎡
                                                  ","
平层
                                                  ","
暂无数据
                                                  ","
板楼
                                                  ","
南
                                                  ","
混合结构
                                                  ","
简装
                                                  ","
暂无数据
                                                  ","
无
                                                  ","
暂无数据
                                                        
"
81,裕兴院,拱墅区,拱宸桥,近地铁5号线拱宸桥东站,108,30244元/平米,2024-03-15,已购公房,2020-02-25,普通住宅,满五年,非共有,"
                                无抵押
                              ",已上传房本照片,191111627713,"
2室0厅1厨1卫
                                                  ","
低楼层 (共6层)
                                                  ","
35.71㎡
                                                  ","
平层
                                                  ","
33.13㎡
                                                  ","
板楼
                                                  ","
南
                                                  ","
砖混结构
                                                  ","
简装
                                                  ","
暂无数据
                                                  ","
无
                                                  ","
暂无数据
                                                        
"
82,欣景苑,拱墅区,三塘,近地铁4号线新天地街站,237,27028元/平米,2024-10-29,已购公房,2018-03-29,普通住宅,满五年,共有,"
                                无抵押
                              ",已上传房本照片,240924NK795443,"
2室1厅1厨1卫
                                                  ","
中楼层 (共17层)
                                                  ","
87.69㎡
                                                  ","
平层
                                                  ","
暂无数据
                                                  ","
板楼
                                                  ","
南
                                                  ","
钢混结构
                                                  ","
简装
                                                  ","
两梯三户
                                                  ","
有
                                                  ","
暂无数据
                                                        
"
83,国都公寓,拱墅区,众安桥,近1号线(萧山国际机场-湘湖)凤起路站,278,51264元/平米,2022-10-25,商品房,2017-04-01,普通住宅,满五年,非共有,"
                                有抵押 中国建设银行股份有限公司
                              ",已上传房本照片,221026AA585812,"
2室1厅1厨1卫
                                                  ","
高楼层 (共7层)
                                                  ","
54.23㎡
                                                  ","
暂无数据
                                                  ","
暂无数据
                                                  ","
板楼
                                                  ","
南
                                                  ","
混合结构
                                                  ","
精装
                                                  ","
暂无数据
                                                  ","
无
                                                  ","
暂无数据
                                                        
"
84,大家运河之星,拱墅区,运河新城,,258,29402元/平米,2025-04-04,商品房,2018-06-25,普通住宅,满五年,共有,"
                                无抵押
                              ",已上传房本照片,171028591011,"
3室2厅1厨2卫
                                                  ","
中楼层 (共29层)
                                                  ","
87.75㎡
                                                  ","
平层
                                                  ","
暂无数据
                                                  ","
塔楼
                                                  ","
南
                                                  ","
钢混结构
                                                  ","
其他
                                                  ","
两梯四户
                                                  ","
有
                                                  ","
暂无数据
                                                        
"
85,金茂悦,拱墅区,申花,,410,46052元/平米,2023-11-06,商品房,2017-07-05,普通住宅,满五年,非共有,"
                                无抵押
                              ",已上传房本照片,230212SA237064,"
3室2厅1厨2卫
                                                  ","
低楼层 (共27层)
                                                  ","
89.03㎡
                                                  ","
平层
                                                  ","
暂无数据
                                                  ","
板塔结合
                                                  ","
南
                                                  ","
混合结构
                                                  ","
简装
                                                  ","
两梯四户
                                                  ","
有
                                                  ","
暂无数据
                                                        
"
86,蚕花园永庆坊,拱墅区,拱宸桥,,68,18539元/平米,2023-11-01,商品房,2017-05-26,普通住宅,满五年,共有,"
                                有抵押 10万元
                              ",已上传房本照片,231102FQ180631,"
1室1厅1厨1卫
                                                  ","
高楼层 (共7层)
                                                  ","
36.68㎡
                                                  ","
平层
                                                  ","
暂无数据
                                                  ","
板楼
                                                  ","
南
                                                  ","
砖混结构
                                                  ","
简装
                                                  ","
暂无数据
                                                  ","
无
                                                  ","
暂无数据
                                                        
"
87,滨江沁语晓庭,拱墅区,半山,近地铁4号线 吴家角港站,330,33126元/平米,2025-03-24,商品房,2023-06-26,普通住宅,未满两年,非共有,"
                                有抵押 50万元
                              ",已上传房本照片,250226YO493094,"
3室2厅1厨2卫
                                                  ","
高楼层 (共22层)
                                                  ","
99.62㎡
                                                  ","
平层
                                                  ","
暂无数据
                                                  ","
板楼
                                                  ","
南
                                                  ","
钢混结构
                                                  ","
精装
                                                  ","
两梯四户
                                                  ","
有
                                                  ","
暂无数据
                                                        
"
88,杭曜置地中心一区,拱墅区,和睦,近地铁5号线和睦站,855,61591元/平米,2025-03-28,商品房,2025-03-26,普通住宅,未满两年,共有,"
                                无抵押
                              ",已上传房本照片,250328OI733652,"
4室2厅1厨2卫
                                                  ","
高楼层 (共22层)
                                                  ","
138.82㎡
                                                  ","
平层
                                                  ","
暂无数据
                                                  ","
板楼
                                                  ","
南
                                                  ","
钢混结构
                                                  ","
精装
                                                  ","
两梯三户
                                                  ","
有
                                                  ","
暂无数据
                                                        
"
89,景翠公寓,拱墅区,石桥,近地铁4号线华中南路站,182,20397元/平米,2025-04-20,商品房,2017-04-18,普通住宅,满五年,共有,"
                                无抵押
                              ",已上传房本照片,241205MP863363,"
2室1厅1厨1卫
                                                  ","
中楼层 (共11层)
                                                  ","
89.23㎡
                                                  ","
平层
                                                  ","
暂无数据
                                                  ","
板楼
                                                  ","
南
                                                  ","
框架结构
                                                  ","
其他
                                                  ","
一梯三户
                                                  ","
有
                                                  ","
暂无数据
                                                        
"
90,招商远洋春秋华庭,拱墅区,运河新城,近地铁4号线 皋亭坝站,435,47818元/平米,2024-07-22,商品房,2020-03-24,普通住宅,满五年,非共有,"
                                有抵押 100万元
                              ",已上传房本照片,200412990144,"
3室1厅1厨2卫
                                                  ","
高楼层 (共18层)
                                                  ","
90.97㎡
                                                  ","
平层
                                                  ","
暂无数据
                                                  ","
板楼
                                                  ","
南 西南
                                                  ","
框架结构
                                                  ","
精装
                                                  ","
两梯两户
                                                  ","
有
                                                  ","
暂无数据
                                                        
"
91,大关西五苑,拱墅区,大关,近3号线(星桥-吴山前村) 大关站,139,23814元/平米,2025-03-03,已购公房,2017-02-28,普通住宅,满五年,非共有,"
                                无抵押
                              ",已上传房本照片,250219LM334885,"
2室1厅1厨1卫
                                                  ","
中楼层 (共7层)
                                                  ","
58.37㎡
                                                  ","
平层
                                                  ","
暂无数据
                                                  ","
板楼
                                                  ","
南
                                                  ","
混合结构
                                                  ","
简装
                                                  ","
暂无数据
                                                  ","
无
                                                  ","
暂无数据
                                                        
"
92,锦秀兰庭,拱墅区,桥西,近地铁5号线大运河站,325,41667元/平米,2024-10-02,已购公房,2017-01-10,普通住宅,满五年,共有,"
                                有抵押 239万元
                              ",已上传房本照片,241008II141018,"
2室1厅1厨1卫
                                                  ","
低楼层 (共18层)
                                                  ","
78㎡
                                                  ","
平层
                                                  ","
63.2㎡
                                                  ","
板楼
                                                  ","
南
                                                  ","
钢混结构
                                                  ","
精装
                                                  ","
两梯四户
                                                  ","
有
                                                  ","
暂无数据
                                                        
"
93,和睦新村,拱墅区,和睦,近地铁5号线和睦站,198,28118元/平米,2024-04-21,已购公房,2024-04-17,普通住宅,未满两年,共有,"
                                无抵押
                              ",已上传房本照片,190415755273,"
3室1厅1厨1卫
                                                  ","
中楼层 (共6层)
                                                  ","
70.42㎡
                                                  ","
平层
                                                  ","
暂无数据
                                                  ","
板楼
                                                  ","
南
                                                  ","
砖混结构
                                                  ","
简装
                                                  ","
一梯三户
                                                  ","
有
                                                  ","
暂无数据
                                                        
"
94,春和云境,拱墅区,石桥,近3号线(星桥-吴山前村) 同协路站,365,38200元/平米,2025-04-23,商品房,2023-06-29,普通住宅,未满两年,非共有,"
                                有抵押 170万元
                              ",已上传房本照片,250424EE863590,"
3室2厅1厨2卫
                                                  ","
高楼层 (共14层)
                                                  ","
95.55㎡
                                                  ","
平层
                                                  ","
暂无数据
                                                  ","
板楼
                                                  ","
南
                                                  ","
钢混结构
                                                  ","
精装
                                                  ","
两梯四户
                                                  ","
有
                                                  ","
暂无数据
                                                        
"
95,树园,拱墅区,建国北路,近地铁5号线 宝善桥站,195,33523元/平米,2024-10-30,商品房,2019-10-24,普通住宅,满五年,共有,"
                                无抵押
                              ",已上传房本照片,190820199425,"
2室1厅1厨1卫
                                                  ","
低楼层 (共6层)
                                                  ","
58.17㎡
                                                  ","
平层
                                                  ","
53.13㎡
                                                  ","
平房
                                                  ","
南
                                                  ","
混合结构
                                                  ","
精装
                                                  ","
暂无数据
                                                  ","
无
                                                  ","
暂无数据
                                                        
"
96,青园小区,拱墅区,朝晖,近1号线(萧山国际机场-湘湖)西湖文化广场站,553,46604元/平米,2024-05-13,商品房,2012-09-11,普通住宅,满五年,共有,"
                                无抵押
                              ",已上传房本照片,240516IV404083,"
3室1厅1厨1卫
                                                  ","
中楼层 (共30层)
                                                  ","
118.66㎡
                                                  ","
平层
                                                  ","
90.42㎡
                                                  ","
塔楼
                                                  ","
南
                                                  ","
钢混结构
                                                  ","
精装
                                                  ","
两梯四户
                                                  ","
有
                                                  ","
暂无数据
                                                        
"
97,首开杭州金茂府,拱墅区,和睦,,1125,78485元/平米,2025-04-09,商品房,2023-12-20,普通住宅,未满两年,共有,"
                                有抵押 922万元 有按揭
                              ",已上传房本照片,230322WG019386,"
4室2厅1厨2卫
                                                  ","
中楼层 (共23层)
                                                  ","
143.34㎡
                                                  ","
平层
                                                  ","
暂无数据
                                                  ","
板塔结合
                                                  ","
南
                                                  ","
框架结构
                                                  ","
精装
                                                  ","
两梯两户
                                                  ","
有
                                                  ","
暂无数据
                                                        
"
98,蚕花园永庆坊,拱墅区,拱宸桥,,160,24086元/平米,2023-10-11,商品房,2004-11-08,普通住宅,满五年,非共有,"
                                无抵押
                              ",已上传房本照片,230912LG673086,"
2室1厅1厨1卫
                                                  ","
中楼层 (共6层)
                                                  ","
66.43㎡
                                                  ","
平层
                                                  ","
57.77㎡
                                                  ","
板楼
                                                  ","
南
                                                  ","
混合结构
                                                  ","
简装
                                                  ","
一梯两户
                                                  ","
有
                                                  ","
暂无数据
                                                        
"
99,绿都金科和宁文华府,拱墅区,万达广场,,640,45958元/平米,2024-11-30,商品房,2022-04-20,普通住宅,满两年,共有,"
                                无抵押
                              ",已上传房本照片,241207EG032150,"
4室2厅1厨2卫
                                                  ","
中楼层 (共8层)
                                                  ","
139.26㎡
                                                  ","
平层
                                                  ","
暂无数据
                                                  ","
板塔结合
                                                  ","
南
                                                  ","
钢混结构
                                                  ","
精装
                                                  ","
两梯两户
                                                  ","
有
                                                  ","
暂无数据
                                                        
"
100,新天地世嘉新座,拱墅区,三塘,近地铁4号线新天地街站,75,25934元/平米,2024-09-12,商品房,2017-08-18,商住两用,满五年,非共有,"
                                无抵押
                              ",已上传房本照片,170528000112,"
1室1厅1厨2卫
                                                  ","
低楼层 (共9层)
                                                  ","
28.92㎡
                                                  ","
跃层
                                                  ","
暂无数据
                                                  ","
板楼
                                                  ","
西
                                                  ","
钢混结构
                                                  ","
精装
                                                  ","
两梯十三户
                                                  ","
有
                                                  ","
暂无数据
                                                        
","
民水
                                                  ","
民电
                                                  "
101,欣盛东方福邸,拱墅区,申花,,245,39038元/平米,2024-09-21,商品房,2018-08-27,普通住宅,满五年,共有,"
                                无抵押
                              ",已上传房本照片,170614090389,"
1室1厅1厨1卫
                                                  ","
中楼层 (共26层)
                                                  ","
62.76㎡
                                                  ","
平层
                                                  ","
暂无数据
                                                  ","
塔楼
                                                  ","
南
                                                  ","
钢混结构
                                                  ","
精装
                                                  ","
四梯十二户
                                                  ","
有
                                                  ","
暂无数据
                                                        
"
102,杭钢北苑,拱墅区,半山,,72,13828元/平米,2025-04-06,商品房,2008-06-24,普通住宅,满五年,共有,"
                                无抵押
                              ",已上传房本照片,250319NR125942,"
1室1厅1厨1卫
                                                  ","
高楼层 (共4层)
                                                  ","
52.07㎡
                                                  ","
平层
                                                  ","
暂无数据
                                                  ","
板楼
                                                  ","
南
                                                  ","
混合结构
                                                  ","
简装
                                                  ","
暂无数据
                                                  ","
无
                                                  ","
暂无数据
                                                        
"
103,米市巷,拱墅区,湖墅,近地铁2号线沈塘桥站,180,28320元/平米,2025-04-08,商品房,2017-01-24,普通住宅,满五年,非共有,"
                                无抵押
                              ",已上传房本照片,250409AI533669,"
3室1厅1厨1卫
                                                  ","
中楼层 (共7层)
                                                  ","
63.56㎡
                                                  ","
平层
                                                  ","
暂无数据
                                                  ","
板楼
                                                  ","
南
                                                  ","
混合结构
                                                  ","
其他
                                                  ","
暂无数据
                                                  ","
无
                                                  ","
暂无数据
                                                        
"
104,馥香园,拱墅区,和睦,,1980,80590元/平米,2025-04-22,商品房,2025-04-14,普通住宅,未满两年,非共有,"
                                有抵押
                              ",已上传房本照片,250422FC030875,"
5室2厅1厨3卫
                                                  ","
中楼层 (共16层)
                                                  ","
245.69㎡
                                                  ","
平层
                                                  ","
暂无数据
                                                  ","
板塔结合
                                                  ","
东南
                                                  ","
框架结构
                                                  ","
其他
                                                  ","
两梯两户
                                                  ","
有
                                                  ","
暂无数据
                                                        
"
105,金星桃源居,拱墅区,半山,近地铁4号线 吴家角港站,121,19216元/平米,2024-03-16,商品房,2020-12-02,普通住宅,满两年,共有,"
                                有抵押 业主自还
                              ",已上传房本照片,200902FO779215,"
2室1厅1厨1卫
                                                  ","
高楼层 (共24层)
                                                  ","
62.97㎡
                                                  ","
平层
                                                  ","
暂无数据
                                                  ","
板塔结合
                                                  ","
南
                                                  ","
钢混结构
                                                  ","
简装
                                                  ","
两梯四户
                                                  ","
有
                                                  ","
暂无数据
                                                        
"
106,德信晓宸,拱墅区,万达广场,近10号线 祥园路站,320,37266元/平米,2022-11-16,商品房,2018-11-09,普通住宅,满五年,共有,"
                                有抵押 1万元
                              ",已上传房本照片,221116DF772038,"
3室2厅1厨1卫
                                                  ","
中楼层 (共18层)
                                                  ","
85.87㎡
                                                  ","
平层
                                                  ","
暂无数据
                                                  ","
板楼
                                                  ","
南 北
                                                  ","
钢混结构
                                                  ","
毛坯
                                                  ","
两梯三户
                                                  ","
有
                                                  ","
暂无数据
                                                        
"
107,香栖天第,拱墅区,三塘,,490,46376元/平米,2025-03-13,商品房,2023-03-08,普通住宅,满两年,非共有,"
                                无抵押
                              ",已上传房本照片,230308MP837522,"
3室2厅1厨2卫
                                                  ","
高楼层 (共13层)
                                                  ","
105.66㎡
                                                  ","
平层
                                                  ","
暂无数据
                                                  ","
板楼
                                                  ","
南
                                                  ","
钢混结构
                                                  ","
精装
                                                  ","
两梯四户
                                                  ","
有
                                                  ","
暂无数据
                                                        
"
108,融创金成臻蓝府,拱墅区,半山,,389,30908元/平米,2025-02-05,商品房,2021-02-06,普通住宅,满两年,共有,"
                                有抵押
                              ",已上传房本照片,230613DP208444,"
4室2厅1厨2卫
                                                  ","
低楼层 (共9层)
                                                  ","
125.86㎡
                                                  ","
平层
                                                  ","
暂无数据
                                                  ","
板楼
                                                  ","
南
                                                  ","
钢混结构
                                                  ","
其他
                                                  ","
暂无数据
                                                  ","
暂无数据
                                                  ","
暂无数据
                                                        
"
109,水韵康桥康泽苑,拱墅区,运河新城,,99,15638元/平米,2024-10-25,商品房,2022-10-20,普通住宅,满两年,非共有,"
                                无抵押
                              ",已上传房本照片,241025UB589049,"
2室1厅1厨1卫
                                                  ","
低楼层 (共18层)
                                                  ","
63.31㎡
                                                  ","
平层
                                                  ","
暂无数据
                                                  ","
板楼
                                                  ","
南
                                                  ","
框架结构
                                                  ","
简装
                                                  ","
两梯四户
                                                  ","
有
                                                  ","
暂无数据
                                                        
"
110,定海西园,拱墅区,拱宸桥,,192,25553元/平米,2025-04-14,商品房,2022-05-30,普通住宅,满两年,非共有,"
                                无抵押
                              ",已上传房本照片,250411PN783967,"
2室1厅1厨1卫
                                                  ","
中楼层 (共11层)
                                                  ","
75.14㎡
                                                  ","
平层
                                                  ","
暂无数据
                                                  ","
板楼
                                                  ","
南
                                                  ","
钢混结构
                                                  ","
精装
                                                  ","
一梯四户
                                                  ","
有
                                                  ","
暂无数据
                                                        
"
111,田园牧歌麓云苑,拱墅区,半山,,272,30569元/平米,2024-12-08,商品房,2016-11-16,普通住宅,满五年,非共有,"
                                有抵押
                              ",已上传房本照片,241214FC982510,"
3室1厅1厨1卫
                                                  ","
中楼层 (共14层)
                                                  ","
88.98㎡
                                                  ","
平层
                                                  ","
暂无数据
                                                  ","
板塔结合
                                                  ","
南
                                                  ","
钢混结构
                                                  ","
其他
                                                  ","
一梯两户
                                                  ","
有
                                                  ","
暂无数据
                                                        
"
